{
    "minimax": {
        "nodes_evaluated": 557157,
        "execution_time": 26.23768639564514,
        "move_times": [
            25.7028489112854,
            0.5213019847869873,
            0.013535499572753906
        ]
    },
    "alphabeta": {
        "nodes_evaluated": 0,
        "execution_time": 0,
        "move_times": [],
        "pruned_branches": 0
    },
    "gemini": {
        "nodes_evaluated": 2,
        "execution_time": 1.2500052452087402,
        "move_times": [
            0.5972049236297607,
            0.6537957191467285
        ]
    }
}