{
    "minimax": {
        "nodes_evaluated": 0,
        "execution_time": 0,
        "move_times": []
    },
    "alphabeta": {
        "nodes_evaluated": 2460,
        "execution_time": 0.1067357063293457,
        "move_times": [
            0.09473657608032227,
            0.010004520416259766,
            0.001994609832763672
        ],
        "pruned_branches": 799
    },
    "gemini": {
        "nodes_evaluated": 0,
        "execution_time": 0,
        "move_times": []
    }
}