{
    "minimax": {
        "nodes_evaluated": 0,
        "execution_time": 0,
        "move_times": []
    },
    "alphabeta": {
        "nodes_evaluated": 2215,
        "execution_time": 0.09121990203857422,
        "move_times": [
            0.08394193649291992,
            0.005277395248413086,
            0.002000570297241211,
            0.0
        ],
        "pruned_branches": 714
    },
    "gemini": {
        "nodes_evaluated": 0,
        "execution_time": 0,
        "move_times": []
    }
}