{
    "minimax": {
        "nodes_evaluated": 8757,
        "execution_time": 0.2873852252960205,
        "move_times": [
            0.25545430183410645,
            0.029933929443359375,
            0.0019969940185546875
        ]
    },
    "alphabeta": {
        "nodes_evaluated": 0,
        "execution_time": 0,
        "move_times": [],
        "pruned_branches": 0
    },
    "gemini": {
        "nodes_evaluated": 0,
        "execution_time": 0,
        "move_times": []
    }
}