{
    "minimax": {
        "nodes_evaluated": 0,
        "execution_time": 0,
        "move_times": []
    },
    "alphabeta": {
        "nodes_evaluated": 7059,
        "execution_time": 0.24665021896362305,
        "move_times": [
            0.2162327766418457,
            0.029253721237182617,
            0.0042111873626708984,
            0.0009946823120117188
        ],
        "pruned_branches": 0
    },
    "gemini": {
        "nodes_evaluated": 0,
        "execution_time": 0,
        "move_times": []
    }
}